{"stats":{"minecraft:picked_up":{"minecraft:wooden_axe":2,"minecraft:birch_door":5,"minecraft:black_carpet":6,"minecraft:brown_mushroom":418,"minecraft:orange_banner":12,"minecraft:cornflower":1,"minecraft:string":1,"minecraft:item_frame":3,"minecraft:beef":3,"minecraft:player_head":2,"minecraft:poppy":3,"minecraft:birch_sapling":1,"minecraft:egg":3,"minecraft:dark_oak_door":2,"minecraft:beehive":1,"minecraft:stick":1,"minecraft:stone_button":7,"minecraft:carrot":302,"minecraft:redstone":21,"minecraft:stone_pressure_plate":6,"minecraft:rotten_flesh":2,"minecraft:shears":1,"minecraft:black_banner":6,"minecraft:lilac":6,"minecraft:iron_door":75,"minecraft:leather":1,"minecraft:lantern":5,"minecraft:birch_pressure_plate":4,"minecraft:gray_carpet":8,"minecraft:wheat_seeds":8,"minecraft:iron_ingot":125,"minecraft:glass_bottle":192,"minecraft:honeycomb":18,"minecraft:scaffolding":2,"minecraft:sand":38,"minecraft:spruce_sapling":18,"minecraft:sea_lantern":1,"minecraft:spruce_door":1,"minecraft:slime_ball":2,"minecraft:lever":3,"minecraft:light_gray_carpet":1,"minecraft:oak_sapling":5},"minecraft:custom":{"minecraft:interact_with_anvil":3,"minecraft:mob_kills":20,"minecraft:animals_bred":3,"minecraft:inspect_hopper":30,"minecraft:interact_with_crafting_table":1,"minecraft:open_barrel":1,"minecraft:open_shulker_box":10,"minecraft:time_since_death":5322488,"minecraft:leave_game":388,"minecraft:climb_one_cm":664,"minecraft:sprint_one_cm":1005510,"minecraft:walk_one_cm":2687810,"minecraft:drop":20,"minecraft:talked_to_villager":1,"minecraft:sneak_time":484922,"minecraft:walk_under_water_one_cm":65293,"minecraft:jump":9294,"minecraft:interact_with_brewingstand":15,"minecraft:interact_with_blast_furnace":1,"minecraft:walk_on_water_one_cm":27628,"minecraft:interact_with_furnace":1,"minecraft:interact_with_cartography_table":2,"minecraft:tune_noteblock":1,"minecraft:play_one_minute":5322488,"minecraft:interact_with_loom":3,"minecraft:time_since_rest":5322488,"minecraft:damage_dealt":2215,"minecraft:interact_with_beacon":9,"minecraft:swim_one_cm":2340,"minecraft:fly_one_cm":64740272,"minecraft:open_chest":5,"minecraft:crouch_one_cm":304561,"minecraft:inspect_dispenser":32},"minecraft:crafted":{"minecraft:creeper_banner_pattern":1},"minecraft:killed":{"minecraft:slime":1,"minecraft:bee":16,"minecraft:bat":1,"minecraft:creeper":1,"minecraft:villager":1},"minecraft:dropped":{"minecraft:glass_bottle":64,"minecraft:dark_oak_slab":1,"minecraft:wooden_axe":2,"minecraft:string":1,"minecraft:player_head":3,"minecraft:carrot":578,"minecraft:sea_lantern":1},"minecraft:used":{"minecraft:diorite_stairs":6,"minecraft:oak_fence":230,"minecraft:oak_trapdoor":10,"minecraft:petrified_oak_slab":7,"minecraft:nether_brick_fence":157,"minecraft:iron_bars":792,"minecraft:jungle_leaves":131,"minecraft:jack_o_lantern":3,"minecraft:blue_terracotta":30,"minecraft:rose_bush":42,"minecraft:dead_horn_coral_block":54,"minecraft:red_sand":1,"minecraft:polished_granite_stairs":8,"minecraft:granite_stairs":12,"minecraft:dispenser":21,"minecraft:orange_concrete":619,"minecraft:ladder":1,"minecraft:red_concrete":1858,"minecraft:cut_red_sandstone_slab":3,"minecraft:smooth_quartz_slab":5127,"minecraft:red_sandstone_slab":147,"minecraft:armor_stand":13,"minecraft:spruce_slab":101,"minecraft:redstone":38,"minecraft:diamond_hoe":226,"minecraft:poppy":15,"minecraft:oak_sign":24,"minecraft:light_gray_carpet":5,"minecraft:black_carpet":238,"minecraft:white_concrete_powder":304,"minecraft:chest":2,"minecraft:white_terracotta":464,"minecraft:stone":3447,"minecraft:quartz_stairs":472,"minecraft:player_head":84,"minecraft:stripped_birch_wood":1033,"minecraft:grass":9,"minecraft:smooth_sandstone_stairs":677,"minecraft:sandstone_wall":512,"minecraft:farmland":1,"minecraft:oak_door":9,"minecraft:bee_spawn_egg":34,"minecraft:spruce_leaves":67,"minecraft:chiseled_red_sandstone":4,"minecraft:end_stone_brick_wall":181,"minecraft:brewing_stand":3,"minecraft:dirt":274,"minecraft:birch_pressure_plate":173,"minecraft:anvil":11,"minecraft:lily_of_the_valley":2,"minecraft:white_carpet":25,"minecraft:hopper":27,"minecraft:brick_slab":170,"minecraft:prismarine_bricks":63,"minecraft:spruce_stairs":143,"minecraft:nether_bricks":6,"minecraft:stone_stairs":57,"minecraft:nether_brick_slab":146,"minecraft:pink_terracotta":983,"minecraft:oak_wood":674,"minecraft:bee_nest":13,"minecraft:polished_granite_slab":41,"minecraft:acacia_button":4,"minecraft:jungle_trapdoor":4,"minecraft:beehive":25,"minecraft:spruce_fence":109,"minecraft:granite":111,"minecraft:nether_brick_stairs":38,"minecraft:oak_fence_gate":14,"minecraft:polished_diorite":30,"minecraft:fern":9,"minecraft:andesite_wall":120,"minecraft:birch_door":26,"minecraft:glass":7,"minecraft:dark_oak_planks":78,"minecraft:stone_brick_slab":305,"minecraft:red_shulker_box":5,"minecraft:sea_lantern":160,"minecraft:cyan_terracotta":40,"minecraft:bricks":11300,"minecraft:quartz_slab":2372,"minecraft:quartz_pillar":1246,"minecraft:villager_spawn_egg":5,"minecraft:iron_block":744,"minecraft:spruce_wood":82,"minecraft:jungle_fence_gate":3,"minecraft:red_wool":34,"minecraft:black_stained_glass_pane":28,"minecraft:lantern":212,"minecraft:grass_block":3748,"minecraft:oak_stairs":36,"minecraft:smooth_sandstone":5957,"minecraft:brick_stairs":402,"minecraft:acacia_slab":83,"minecraft:polished_andesite_stairs":196,"minecraft:quartz_block":235,"minecraft:dark_oak_wood":16,"minecraft:dark_oak_leaves":122,"minecraft:dark_oak_slab":165,"minecraft:smooth_quartz":2198,"minecraft:stone_brick_stairs":206,"minecraft:barrel":38,"minecraft:stone_bricks":8,"minecraft:item_frame":29,"minecraft:light_gray_wool":186,"minecraft:birch_button":6,"minecraft:tripwire_hook":8,"minecraft:birch_trapdoor":8,"minecraft:glowstone":464,"minecraft:snow":52,"minecraft:redstone_lamp":103,"minecraft:lime_concrete":78,"minecraft:brown_carpet":3,"minecraft:black_stained_glass":10,"minecraft:gray_glazed_terracotta":2,"minecraft:tall_grass":17,"minecraft:scaffolding":49,"minecraft:iron_trapdoor":84,"minecraft:dark_oak_pressure_plate":17,"minecraft:furnace":6,"minecraft:white_stained_glass_pane":1631,"minecraft:podzol":95,"minecraft:minecart":1,"minecraft:gold_block":3,"minecraft:granite_wall":7,"minecraft:stone_pressure_plate":109,"minecraft:observer":40,"minecraft:orange_terracotta":61,"minecraft:dark_prismarine_stairs":11,"minecraft:large_fern":1,"minecraft:dark_oak_stairs":6,"minecraft:water_bucket":48,"minecraft:nether_brick_wall":25,"minecraft:diorite":12,"minecraft:end_rod":78,"minecraft:spruce_door":14,"minecraft:sandstone_stairs":56,"minecraft:brick_wall":185,"minecraft:snow_block":37,"minecraft:wither_skeleton_skull":11,"minecraft:birch_planks":161,"minecraft:gray_carpet":97,"minecraft:stripped_birch_log":50,"minecraft:infested_stone":384,"minecraft:birch_leaves":93,"minecraft:polished_andesite":989,"minecraft:acacia_trapdoor":67,"minecraft:dark_oak_sign":13,"minecraft:jungle_fence":3,"minecraft:oak_planks":102,"minecraft:cartography_table":23,"minecraft:blue_wool":5,"minecraft:andesite_slab":2992,"minecraft:smooth_sandstone_slab":841,"minecraft:sandstone":50,"minecraft:redstone_block":156,"minecraft:brown_mushroom":11,"minecraft:black_shulker_box":46,"minecraft:cut_sandstone":1023,"minecraft:blue_concrete_powder":80,"minecraft:composter":10,"minecraft:spruce_sign":2,"minecraft:cauldron":16,"minecraft:beacon":17,"minecraft:clay":113,"minecraft:conduit":7,"minecraft:smooth_quartz_stairs":1251,"minecraft:oak_leaves":3480,"minecraft:white_wool":66,"minecraft:diamond_block":272,"minecraft:rail":20,"minecraft:orange_carpet":7,"minecraft:comparator":3,"minecraft:terracotta":12,"minecraft:stripped_dark_oak_log":48,"minecraft:oak_slab":76,"minecraft:cut_sandstone_slab":48,"minecraft:dark_prismarine_slab":24,"minecraft:crafting_table":3,"minecraft:loom":1,"minecraft:dead_fire_coral_block":13,"minecraft:red_mushroom":12,"minecraft:blast_furnace":14,"minecraft:black_banner":55,"minecraft:light_gray_terracotta":1,"minecraft:yellow_concrete":182,"minecraft:white_bed":8,"minecraft:light_gray_concrete_powder":1898,"minecraft:chiseled_quartz_block":68,"minecraft:gray_concrete":53,"minecraft:note_block":11,"minecraft:painting":24,"minecraft:smooth_red_sandstone_stairs":20,"minecraft:spruce_log":76,"minecraft:dark_oak_door":8,"minecraft:mushroom_stem":260,"minecraft:cyan_stained_glass":13,"minecraft:birch_fence":634,"minecraft:redstone_torch":2,"minecraft:black_terracotta":313,"minecraft:piston":45,"minecraft:lever":15,"minecraft:green_concrete":507,"minecraft:black_concrete":799,"minecraft:acacia_stairs":7,"minecraft:cornflower":12,"minecraft:chiseled_sandstone":52,"minecraft:daylight_detector":41,"minecraft:diamond_shovel":1,"minecraft:birch_fence_gate":166,"minecraft:acacia_door":5,"minecraft:birch_slab":8,"minecraft:dark_oak_log":62,"minecraft:gray_stained_glass_pane":5,"minecraft:command_block":21,"minecraft:light_gray_concrete":1590,"minecraft:heavy_weighted_pressure_plate":32,"minecraft:map":154,"minecraft:oak_button":10,"minecraft:string":40,"minecraft:stone_button":51,"minecraft:lectern":2,"minecraft:jungle_stairs":25,"minecraft:stone_slab":1831,"minecraft:red_terracotta":680,"minecraft:polished_granite":48,"minecraft:spruce_trapdoor":60,"minecraft:iron_door":269,"minecraft:cut_red_sandstone":4,"minecraft:lilac":32,"minecraft:polished_andesite_slab":174,"minecraft:acacia_fence_gate":2,"minecraft:granite_slab":190,"minecraft:green_carpet":346,"minecraft:chiseled_stone_bricks":25,"minecraft:smooth_red_sandstone_slab":169,"minecraft:diamond_sword":43,"minecraft:coal_block":7,"minecraft:orange_banner":87,"minecraft:acacia_pressure_plate":2,"minecraft:stripped_oak_wood":632,"minecraft:white_banner":10,"minecraft:grindstone":9,"minecraft:dark_oak_fence":47,"minecraft:andesite":3389,"minecraft:white_stained_glass":1544,"minecraft:andesite_stairs":89,"minecraft:sandstone_slab":5,"minecraft:glass_pane":60,"minecraft:grass_path":62,"minecraft:smooth_stone_slab":286,"minecraft:stripped_oak_log":158,"minecraft:white_concrete":2645,"minecraft:coarse_dirt":184,"minecraft:gray_wool":1,"minecraft:smooth_stone":360,"minecraft:cobweb":112,"minecraft:birch_stairs":15,"minecraft:gray_stained_glass":50}},"DataVersion":2230}